entry_time,exit_time,direction,entry_price,exit_price,pnl,hold_bars
2023-01-04 09:31:00,2023-01-04 09:44:00,LONG,1049.5,1045.8,-405000.00000000454,13
2023-01-04 09:51:00,2023-01-04 10:07:00,SHORT,1043.1,1045.1,-235000.0,16
2023-01-05 09:56:00,2023-01-05 10:29:00,LONG,1049.3,1049.6,-5000.0000000045475,33
2023-01-06 09:34:00,2023-01-06 10:35:00,LONG,1053.6,1061.8,785000.0000000045,61
2023-01-06 14:20:00,2023-01-06 14:30:00,SHORT,1049.0,1050.7,-205000.00000000454,10
2023-01-09 09:45:00,2023-01-09 10:01:00,SHORT,1056.7,1058.1,-174999.99999998635,16
2023-01-09 10:27:00,2023-01-09 10:42:00,LONG,1062.6,1059.7,-324999.9999999864,15
2023-01-10 10:46:00,2023-01-10 11:14:00,SHORT,1051.0,1050.2,44999.99999999546,28
2023-01-10 13:55:00,2023-01-10 14:06:00,LONG,1057.6,1054.0,-394999.9999999909,11
2023-01-11 09:36:00,2023-01-11 10:03:00,LONG,1063.7,1063.5,-55000.00000000455,27
2023-01-12 09:31:00,2023-01-12 10:06:00,LONG,1067.9,1066.8,-145000.00000001365,35
2023-01-12 10:14:00,2023-01-12 10:46:00,SHORT,1064.6,1064.7,-45000.00000001364,32
2023-01-13 09:47:00,2023-01-13 09:54:00,LONG,1075.2,1072.4,-314999.99999999546,7
2023-01-13 13:05:00,2023-01-13 13:37:00,SHORT,1068.4,1070.0,-194999.99999999092,32
2023-01-16 09:35:00,2023-01-16 10:37:00,SHORT,1071.0,1066.5,415000.0,62
2023-01-16 14:03:00,2023-01-16 14:30:00,LONG,1074.5,1075.0,15000.0,27
2023-01-17 09:43:00,2023-01-17 10:29:00,LONG,1082.0,1084.8,244999.99999999546,46
2023-01-18 10:36:00,2023-01-18 10:57:00,LONG,1113.5,1113.4,-44999.999999990905,21
2023-01-19 09:37:00,2023-01-19 10:42:00,LONG,1117.6,1121.7,375000.0000000136,65
2023-01-27 13:55:00,2023-01-27 14:30:00,SHORT,1135.5,1124.6,1055000.000000009,35
2023-01-30 10:35:00,2023-01-30 10:43:00,LONG,1128.1,1123.7,-474999.9999999864,8
2023-01-30 10:55:00,2023-01-30 11:20:00,SHORT,1119.3,1123.6,-464999.99999999546,25
2023-01-31 09:30:00,2023-01-31 09:46:00,SHORT,1103.6,1106.7,-345000.0000000136,16
2023-01-31 13:51:00,2023-01-31 13:59:00,LONG,1110.5,1108.0,-285000.0,8
2023-02-01 10:31:00,2023-02-01 11:08:00,SHORT,1122.8,1116.2,624999.9999999909,37
2023-02-02 09:41:00,2023-02-02 10:08:00,SHORT,1087.3,1090.1,-314999.99999999546,27
2023-02-02 13:33:00,2023-02-02 13:38:00,LONG,1095.7,1092.3,-375000.0000000091,5
2023-02-03 09:53:00,2023-02-03 10:16:00,SHORT,1087.1,1089.3,-255000.00000000454,23
2023-02-06 09:35:00,2023-02-06 09:53:00,SHORT,1069.5,1073.1,-394999.9999999909,18
2023-02-06 11:01:00,2023-02-06 11:20:00,LONG,1078.7,1081.0,194999.99999999546,19
2023-02-07 09:45:00,2023-02-07 10:23:00,LONG,1092.2,1090.5,-205000.00000000454,38
2023-02-07 10:53:00,2023-02-07 11:20:00,SHORT,1087.0,1085.3,135000.00000000454,27
2023-02-08 09:55:00,2023-02-08 10:50:00,LONG,1073.4,1074.3,54999.99999998635,55
2023-02-08 13:28:00,2023-02-08 13:35:00,SHORT,1069.4,1073.6,-454999.99999998184,7
2023-02-09 09:30:00,2023-02-09 09:46:00,SHORT,1064.0,1065.9,-225000.00000000908,16
2023-02-09 10:34:00,2023-02-09 10:49:00,LONG,1070.5,1067.1,-375000.0000000091,15
2023-02-10 09:35:00,2023-02-10 09:50:00,SHORT,1054.5,1057.2,-305000.00000000454,15
2023-02-13 09:55:00,2023-02-13 10:55:00,SHORT,1041.1,1039.7,104999.99999998635,60
2023-02-14 10:09:00,2023-02-14 10:40:00,SHORT,1035.8,1036.8,-135000.0,31
2023-02-15 09:43:00,2023-02-15 10:37:00,LONG,1032.8,1046.5,1335000.0000000047,54
2023-02-16 13:24:00,2023-02-16 13:35:00,SHORT,1040.7,1041.2,-85000.0,11
2023-02-16 14:00:00,2023-02-16 14:30:00,LONG,1047.6,1053.0,505000.0000000091,30
2023-02-17 10:59:00,2023-02-17 11:20:00,SHORT,1046.7,1044.3,205000.00000000908,21
2023-02-20 09:38:00,2023-02-20 10:24:00,LONG,1056.9,1057.1,-15000.00000001819,46
2023-02-21 09:45:00,2023-02-21 09:51:00,SHORT,1086.1,1088.6,-285000.0,6
2023-02-22 09:33:00,2023-02-22 10:16:00,LONG,1067.8,1067.8,-35000.0,43
2023-02-22 13:54:00,2023-02-22 14:01:00,SHORT,1064.1,1068.0,-425000.0000000091,7
2023-02-23 09:32:00,2023-02-23 09:43:00,SHORT,1042.0,1042.7,-105000.00000000454,11
2023-02-24 09:49:00,2023-02-24 10:48:00,SHORT,1040.5,1036.3,385000.00000000454,59
2023-02-27 09:34:00,2023-02-27 09:51:00,SHORT,1008.6,1011.6,-335000.0,17
2023-02-27 14:06:00,2023-02-27 14:11:00,LONG,1019.7,1012.9,-715000.0000000069,5
2023-02-28 10:21:00,2023-02-28 11:04:00,LONG,1021.0,1020.0,-135000.0,43
2023-02-28 13:48:00,2023-02-28 13:59:00,SHORT,1013.3,1013.5,-55000.00000000455,11
2023-03-01 10:22:00,2023-03-01 11:20:00,LONG,1006.4,1017.1,1035000.0000000047,58
2023-03-02 09:31:00,2023-03-02 09:50:00,LONG,1033.5,1032.7,-114999.99999999546,19
2023-03-02 10:25:00,2023-03-02 11:14:00,SHORT,1028.6,1026.7,154999.99999998635,49
2023-03-06 09:30:00,2023-03-06 09:53:00,LONG,1029.3,1028.2,-144999.99999999092,23
2023-03-06 14:23:00,2023-03-06 14:30:00,SHORT,1012.2,1010.2,165000.0,7
2023-03-08 10:24:00,2023-03-08 10:35:00,LONG,1020.5,1016.5,-435000.0,11
2023-03-09 10:11:00,2023-03-09 10:38:00,SHORT,1036.4,1038.2,-214999.99999999546,27
2023-03-09 13:29:00,2023-03-09 13:45:00,LONG,1043.9,1040.7,-355000.00000000454,16
2023-03-10 13:11:00,2023-03-10 13:30:00,SHORT,1040.5,1040.6,-44999.999999990905,19
2023-03-10 14:01:00,2023-03-10 14:08:00,LONG,1045.4,1041.5,-425000.0000000091,7
2023-03-13 10:39:00,2023-03-13 11:20:00,LONG,1050.9,1052.5,124999.99999999092,41
2023-03-15 10:30:00,2023-03-15 11:20:00,LONG,1060.6,1062.7,175000.00000001365,50
2023-03-16 09:30:00,2023-03-16 09:48:00,SHORT,1054.3,1056.3,-235000.0,18
2023-03-17 09:56:00,2023-03-17 10:22:00,SHORT,1054.1,1052.1,165000.0,26
2023-03-20 10:20:00,2023-03-20 10:51:00,SHORT,1032.8,1031.0,144999.99999999546,31
2023-03-21 09:39:00,2023-03-21 10:11:00,SHORT,1026.2,1024.6,125000.00000001365,32
2023-03-22 09:55:00,2023-03-22 10:14:00,SHORT,1032.0,1032.5,-85000.0,19
2023-03-22 13:45:00,2023-03-22 13:50:00,LONG,1038.8,1035.2,-394999.9999999909,5
2023-03-23 09:56:00,2023-03-23 10:47:00,LONG,1031.0,1030.5,-85000.0,51
2023-03-24 10:32:00,2023-03-24 11:00:00,LONG,1047.1,1044.9,-254999.9999999818,28
2023-03-27 10:15:00,2023-03-27 11:11:00,LONG,1046.9,1048.5,124999.99999999092,56
2023-03-28 09:39:00,2023-03-28 10:14:00,LONG,1058.3,1056.5,-214999.99999999546,35
2023-03-29 09:31:00,2023-03-29 10:11:00,LONG,1053.0,1052.4,-94999.9999999909,40
2023-03-30 09:53:00,2023-03-30 11:06:00,LONG,1065.8,1065.3,-85000.0,73
2023-03-31 13:20:00,2023-03-31 13:43:00,LONG,1070.8,1068.4,-274999.9999999864,23
2023-04-04 09:42:00,2023-04-04 10:19:00,SHORT,1081.0,1079.9,74999.9999999909,37
2023-04-06 14:00:00,2023-04-06 14:12:00,LONG,1086.0,1084.0,-235000.0,12
2023-04-06 14:15:00,2023-04-06 14:30:00,SHORT,1082.2,1080.0,185000.00000000454,15
2023-04-07 14:23:00,2023-04-07 14:29:00,SHORT,1069.3,1073.0,-405000.00000000454,6
2023-04-10 13:49:00,2023-04-10 14:19:00,SHORT,1074.9,1073.5,105000.00000000908,30
2023-04-12 10:18:00,2023-04-12 10:57:00,SHORT,1074.5,1074.7,-55000.00000000455,39
2023-04-13 09:36:00,2023-04-13 11:20:00,SHORT,1073.3,1072.6,35000.00000000454,104
2023-04-14 10:11:00,2023-04-14 10:55:00,LONG,1073.6,1072.7,-124999.99999998635,44
2023-04-14 11:07:00,2023-04-14 11:20:00,SHORT,1071.3,1069.8,115000.0,13
2023-04-17 09:56:00,2023-04-17 10:22:00,SHORT,1058.6,1060.5,-225000.00000000908,26
2023-04-17 13:07:00,2023-04-17 13:34:00,LONG,1063.5,1062.3,-155000.00000000454,27
2023-04-18 14:22:00,2023-04-18 14:30:00,SHORT,1063.0,1062.1,55000.000000009095,8
2023-04-19 13:20:00,2023-04-19 14:30:00,SHORT,1062.0,1054.1,755000.0000000091,70
2023-04-20 11:07:00,2023-04-20 11:20:00,SHORT,1052.3,1052.7,-75000.0000000091,13
2023-04-21 10:50:00,2023-04-21 11:20:00,SHORT,1045.0,1045.4,-75000.0000000091,30
2023-04-24 09:56:00,2023-04-24 10:30:00,SHORT,1038.0,1038.5,-85000.0,34
2023-04-24 11:00:00,2023-04-24 11:20:00,LONG,1041.1,1046.0,455000.0000000091,20
2023-04-25 09:47:00,2023-04-25 10:24:00,LONG,1043.4,1042.6,-115000.00000001819,37
2023-04-25 10:42:00,2023-04-25 11:20:00,SHORT,1041.0,1040.7,-5000.0000000045475,38
2023-04-26 10:05:00,2023-04-26 10:56:00,SHORT,1027.5,1027.5,-35000.0,51
2023-04-26 13:18:00,2023-04-26 13:57:00,LONG,1030.5,1032.1,124999.99999999092,39
2023-04-27 09:31:00,2023-04-27 09:54:00,LONG,1037.5,1037.3,-55000.00000000455,23
2023-04-27 10:21:00,2023-04-27 11:20:00,SHORT,1035.0,1033.5,115000.0,59
2023-04-28 14:07:00,2023-04-28 14:30:00,LONG,1040.9,1043.0,174999.99999999092,23
2023-05-04 09:46:00,2023-05-04 11:17:00,SHORT,1038.1,1036.4,134999.9999999818,91
2023-05-05 09:48:00,2023-05-05 10:10:00,LONG,1034.0,1034.0,-35000.0,22
2023-05-08 09:53:00,2023-05-08 11:14:00,SHORT,1036.4,1038.2,-214999.99999999546,81
2023-05-09 09:34:00,2023-05-09 09:44:00,LONG,1045.2,1044.4,-114999.99999999546,10
2023-05-09 13:50:00,2023-05-09 14:30:00,SHORT,1041.7,1042.0,-64999.99999999545,40
2023-05-10 09:34:00,2023-05-10 11:20:00,LONG,1044.8,1048.4,325000.0000000136,106
2023-05-11 10:15:00,2023-05-11 11:20:00,SHORT,1051.5,1052.3,-114999.99999999546,65
2023-05-12 10:10:00,2023-05-12 11:20:00,LONG,1050.8,1053.3,215000.0,70
2023-05-15 09:50:00,2023-05-15 10:37:00,LONG,1069.6,1070.0,5000.000000009095,47
2023-05-16 10:47:00,2023-05-16 11:20:00,LONG,1067.2,1068.2,65000.0,33
2023-05-17 09:49:00,2023-05-17 11:11:00,LONG,1067.7,1072.7,465000.0,82
2023-05-18 10:33:00,2023-05-18 11:20:00,LONG,1069.2,1069.5,-5000.0000000045475,47
2023-05-19 09:30:00,2023-05-19 10:03:00,SHORT,1060.0,1058.0,165000.0,33
2023-05-22 10:05:00,2023-05-22 10:50:00,LONG,1064.0,1063.5,-85000.0,45
2023-05-23 10:01:00,2023-05-23 10:09:00,LONG,1070.5,1068.7,-214999.99999999546,8
2023-05-23 11:04:00,2023-05-23 11:20:00,SHORT,1066.2,1065.2,65000.0,16
2023-05-24 13:57:00,2023-05-24 13:59:00,SHORT,1058.6,1060.7,-245000.00000001365,2
2023-05-25 09:35:00,2023-05-25 10:42:00,LONG,1055.6,1055.3,-64999.99999999545,67
2023-05-26 13:12:00,2023-05-26 14:05:00,SHORT,1056.0,1058.4,-275000.0000000091,53
2023-05-29 09:31:00,2023-05-29 11:12:00,LONG,1061.5,1062.4,55000.000000009095,101
2023-05-30 09:30:00,2023-05-30 11:20:00,SHORT,1068.3,1066.2,174999.99999999092,110
2023-05-31 09:36:00,2023-05-31 11:20:00,SHORT,1065.8,1064.7,74999.9999999909,103
2023-06-01 10:53:00,2023-06-01 11:20:00,SHORT,1059.4,1057.6,145000.0000000182,27
2023-06-02 09:30:00,2023-06-02 11:20:00,LONG,1070.2,1079.9,935000.0000000045,110
2023-06-05 09:37:00,2023-06-05 10:12:00,LONG,1089.1,1089.5,5000.000000009095,35
2023-06-06 10:05:00,2023-06-06 11:20:00,LONG,1086.4,1088.2,144999.99999999546,75
2023-06-07 09:30:00,2023-06-07 11:20:00,SHORT,1096.3,1095.6,35000.00000000454,110
2023-06-08 10:16:00,2023-06-08 11:20:00,SHORT,1096.3,1096.5,-55000.00000000455,64
2023-06-09 10:21:00,2023-06-09 11:10:00,LONG,1090.7,1091.2,15000.0,49
2023-06-12 09:30:00,2023-06-12 09:54:00,SHORT,1094.7,1096.7,-235000.0,24
2023-06-13 09:30:00,2023-06-13 09:45:00,SHORT,1107.8,1108.6,-114999.99999999546,15
2023-06-13 10:28:00,2023-06-13 10:36:00,LONG,1112.0,1109.9,-244999.99999999092,8
2023-06-14 09:32:00,2023-06-14 10:30:00,LONG,1117.5,1117.5,-35000.0,58
2023-06-15 10:03:00,2023-06-15 11:17:00,LONG,1113.0,1112.3,-105000.00000000454,74
2023-06-15 14:21:00,2023-06-15 14:30:00,SHORT,1109.0,1109.0,-35000.0,9
2023-06-16 09:59:00,2023-06-16 11:20:00,LONG,1111.5,1116.0,415000.0,81
2023-06-16 14:25:00,2023-06-16 14:30:00,SHORT,1103.0,1102.6,5000.000000009095,5
2023-06-19 09:30:00,2023-06-19 09:40:00,SHORT,1099.7,1101.1,-174999.99999998635,10
2023-06-20 09:52:00,2023-06-20 10:37:00,LONG,1097.0,1095.0,-235000.0,45
2023-06-20 13:12:00,2023-06-20 13:41:00,SHORT,1094.7,1094.1,25000.000000013642,29
2023-06-21 13:13:00,2023-06-21 13:29:00,SHORT,1097.7,1098.0,-64999.99999999545,16
2023-06-21 14:03:00,2023-06-21 14:30:00,LONG,1102.6,1107.0,405000.0000000091,27
2023-06-22 10:03:00,2023-06-22 10:31:00,SHORT,1114.0,1115.8,-214999.99999999546,28
2023-06-22 13:21:00,2023-06-22 13:23:00,LONG,1117.7,1115.6,-245000.00000001365,2
2023-06-23 09:31:00,2023-06-23 10:20:00,LONG,1115.4,1118.2,244999.99999999546,49
2023-06-23 13:25:00,2023-06-23 13:29:00,SHORT,1113.2,1115.0,-214999.99999999546,4
2023-06-26 09:30:00,2023-06-26 09:38:00,LONG,1123.4,1119.8,-395000.0000000136,8
2023-06-26 09:42:00,2023-06-26 10:44:00,SHORT,1115.5,1114.0,115000.0,62
2023-06-27 10:45:00,2023-06-27 11:04:00,SHORT,1122.8,1124.0,-155000.00000000454,19
2023-06-28 13:05:00,2023-06-28 13:29:00,SHORT,1126.9,1128.8,-224999.99999998635,24
2023-06-28 14:20:00,2023-06-28 14:30:00,LONG,1130.4,1135.0,424999.9999999909,10
2023-06-29 09:43:00,2023-06-29 10:30:00,SHORT,1129.1,1126.2,254999.99999998638,47
2023-06-30 10:50:00,2023-06-30 11:13:00,LONG,1117.8,1115.9,-224999.99999998635,23
2023-06-30 11:15:00,2023-06-30 11:20:00,SHORT,1115.1,1115.2,-45000.00000001364,5
2023-07-03 09:45:00,2023-07-03 11:20:00,SHORT,1119.9,1117.7,185000.00000000454,95
2023-07-04 10:00:00,2023-07-04 10:43:00,LONG,1116.5,1116.9,5000.000000009095,43
2023-07-05 09:43:00,2023-07-05 10:12:00,LONG,1124.6,1124.3,-64999.99999999545,29
2023-07-06 09:50:00,2023-07-06 11:20:00,SHORT,1121.9,1121.8,-24999.999999986358,90
2023-07-07 09:30:00,2023-07-07 09:46:00,LONG,1116.6,1114.7,-224999.99999998635,16
2023-07-10 09:55:00,2023-07-10 10:16:00,LONG,1128.4,1127.5,-125000.0000000091,21
2023-07-11 09:43:00,2023-07-11 11:15:00,LONG,1141.1,1142.5,105000.00000000908,92
2023-07-11 14:09:00,2023-07-11 14:18:00,SHORT,1137.8,1139.0,-155000.00000000454,9
2023-07-12 09:51:00,2023-07-12 10:46:00,LONG,1141.7,1141.2,-85000.0,55
2023-07-12 13:55:00,2023-07-12 13:59:00,SHORT,1138.5,1140.4,-225000.00000000908,4
2023-07-13 09:30:00,2023-07-13 09:45:00,LONG,1150.9,1150.2,-105000.00000000454,14
2023-07-14 10:15:00,2023-07-14 10:55:00,SHORT,1155.0,1155.9,-125000.0000000091,39
2023-07-17 10:11:00,2023-07-17 11:07:00,LONG,1163.6,1162.3,-164999.99999999546,56
2023-07-18 09:30:00,2023-07-18 09:43:00,SHORT,1158.2,1160.0,-214999.99999999546,13
2023-07-18 11:05:00,2023-07-18 11:20:00,LONG,1162.6,1162.0,-94999.9999999909,14
2023-07-19 10:00:00,2023-07-19 11:20:00,SHORT,1167.3,1166.8,15000.0,75
2023-07-20 14:00:00,2023-07-20 14:16:00,SHORT,1162.1,1161.3,44999.99999999546,16
2023-07-24 13:52:00,2023-07-24 14:04:00,SHORT,1184.7,1187.0,-264999.99999999546,12
2023-07-24 14:19:00,2023-07-24 14:30:00,LONG,1190.8,1192.1,94999.99999999546,11
2023-07-25 10:46:00,2023-07-25 10:56:00,LONG,1195.8,1194.0,-214999.99999999546,10
2023-07-25 14:15:00,2023-07-25 14:23:00,SHORT,1191.0,1194.4,-375000.0000000091,7
2023-07-26 11:04:00,2023-07-26 11:20:00,SHORT,1192.8,1193.6,-114999.99999999546,16
2023-07-26 13:48:00,2023-07-26 14:15:00,LONG,1195.2,1193.2,-235000.0,27
2023-07-27 10:11:00,2023-07-27 10:43:00,LONG,1199.1,1196.8,-264999.99999999546,32
2023-07-28 09:30:00,2023-07-28 11:20:00,LONG,1193.4,1197.8,404999.9999999864,110
2023-07-31 13:45:00,2023-07-31 14:30:00,LONG,1218.8,1239.9,2075000.0000000135,45
2023-08-01 10:46:00,2023-08-01 11:20:00,LONG,1241.0,1239.5,-185000.0,34
2023-08-02 09:45:00,2023-08-02 10:01:00,LONG,1222.3,1222.3,-35000.0,16
2023-08-03 09:30:00,2023-08-03 10:27:00,LONG,1219.1,1219.7,25000.000000013642,57
2023-08-03 13:43:00,2023-08-03 14:00:00,SHORT,1216.4,1217.4,-135000.0,17
2023-08-04 09:48:00,2023-08-04 11:20:00,LONG,1215.5,1220.2,435000.00000000454,92
2023-08-07 09:37:00,2023-08-07 10:03:00,LONG,1239.2,1242.5,294999.99999999546,26
2023-08-08 09:36:00,2023-08-08 09:51:00,SHORT,1251.9,1251.4,15000.0,15
2023-08-09 10:18:00,2023-08-09 10:22:00,SHORT,1242.5,1244.5,-235000.0,4
2023-08-10 10:04:00,2023-08-10 10:30:00,SHORT,1237.1,1236.1,65000.0,26
2023-08-11 10:40:00,2023-08-11 11:19:00,SHORT,1229.0,1228.5,15000.0,39
2023-08-14 11:11:00,2023-08-14 11:20:00,LONG,1243.2,1244.5,94999.99999999546,9
2023-08-15 09:34:00,2023-08-15 09:45:00,LONG,1241.0,1239.5,-185000.0,11
2023-08-15 10:20:00,2023-08-15 10:55:00,SHORT,1238.2,1238.0,-14999.999999995453,35
2023-08-16 10:16:00,2023-08-16 11:18:00,LONG,1248.1,1251.1,265000.0,62
2023-08-17 11:05:00,2023-08-17 11:20:00,LONG,1255.0,1256.3,94999.99999999546,15
2023-08-18 09:30:00,2023-08-18 09:47:00,LONG,1240.0,1235.8,-455000.00000000454,17
2023-08-18 09:47:00,2023-08-18 10:43:00,SHORT,1235.8,1231.8,365000.0,56
2023-08-21 10:46:00,2023-08-21 10:52:00,SHORT,1185.0,1188.8,-414999.99999999546,6
2023-08-22 09:31:00,2023-08-22 10:29:00,SHORT,1189.4,1182.6,645000.0000000182,58
2023-08-22 14:00:00,2023-08-22 14:05:00,LONG,1195.3,1186.0,-964999.9999999955,5
2023-08-23 09:30:00,2023-08-23 10:08:00,SHORT,1198.5,1196.5,165000.0,38
2023-08-24 10:00:00,2023-08-24 10:10:00,LONG,1187.3,1185.6,-205000.00000000454,10
2023-08-25 09:40:00,2023-08-25 09:56:00,LONG,1197.8,1197.0,-114999.99999999546,16
2023-08-25 13:55:00,2023-08-25 14:05:00,SHORT,1191.1,1196.7,-595000.0000000136,10
2023-08-28 09:42:00,2023-08-28 09:56:00,LONG,1204.3,1202.2,-244999.99999999092,14
2023-08-28 10:00:00,2023-08-28 10:41:00,SHORT,1199.9,1201.3,-174999.99999998635,41
2023-08-29 13:43:00,2023-08-29 13:47:00,SHORT,1210.3,1212.9,-295000.0000000136,4
2023-08-30 09:30:00,2023-08-30 09:39:00,LONG,1215.6,1215.0,-94999.9999999909,9
2023-08-30 09:50:00,2023-08-30 10:07:00,SHORT,1212.7,1213.8,-144999.99999999092,16
2023-08-31 09:46:00,2023-08-31 10:55:00,LONG,1227.7,1230.2,215000.0,69
2023-09-05 13:29:00,2023-09-05 14:01:00,LONG,1242.3,1240.8,-185000.0,31
2023-09-06 09:42:00,2023-09-06 10:25:00,LONG,1242.2,1242.5,-5000.0000000045475,41
2023-09-07 09:46:00,2023-09-07 09:57:00,LONG,1264.0,1262.1,-225000.00000000908,11
2023-09-07 10:45:00,2023-09-07 11:18:00,SHORT,1260.5,1256.4,374999.9999999909,33
2023-09-08 09:30:00,2023-09-08 10:29:00,LONG,1256.1,1256.7,25000.000000013642,59
2023-09-08 14:13:00,2023-09-08 14:19:00,SHORT,1251.3,1253.0,-205000.00000000454,6
2023-09-11 10:00:00,2023-09-11 10:21:00,SHORT,1256.4,1254.0,205000.00000000908,21
2023-09-12 09:39:00,2023-09-12 10:22:00,LONG,1233.5,1233.8,-5000.0000000045475,43
2023-09-13 09:32:00,2023-09-13 09:52:00,SHORT,1254.6,1257.0,-275000.0000000091,20
2023-09-14 10:33:00,2023-09-14 10:50:00,SHORT,1241.5,1245.8,-464999.99999999546,17
2023-09-15 09:35:00,2023-09-15 10:05:00,LONG,1241.8,1242.1,-5000.0000000045475,30
2023-09-15 10:55:00,2023-09-15 11:20:00,SHORT,1238.0,1237.7,-5000.0000000045475,25
2023-09-18 09:43:00,2023-09-18 09:56:00,SHORT,1228.8,1228.4,4999.999999986358,13
2023-09-20 09:31:00,2023-09-20 09:44:00,SHORT,1222.2,1224.0,-214999.99999999546,13
2023-09-20 09:49:00,2023-09-20 09:59:00,LONG,1225.5,1223.6,-225000.00000000908,10
2023-09-21 10:00:00,2023-09-21 10:45:00,SHORT,1228.1,1227.2,54999.99999998635,45
2023-09-22 10:07:00,2023-09-22 10:30:00,SHORT,1192.8,1183.9,854999.9999999864,23
2023-09-25 09:45:00,2023-09-25 09:57:00,LONG,1193.1,1191.1,-235000.0,12
2023-09-26 10:10:00,2023-09-26 10:14:00,SHORT,1161.9,1165.0,-344999.9999999909,4
2023-09-26 10:17:00,2023-09-26 10:40:00,LONG,1168.8,1169.2,5000.000000009095,23
2023-09-27 10:15:00,2023-09-27 10:45:00,SHORT,1151.7,1154.9,-355000.00000000454,30
2023-09-28 09:39:00,2023-09-28 10:27:00,SHORT,1159.0,1153.2,544999.9999999955,48
2023-09-29 10:30:00,2023-09-29 11:04:00,LONG,1168.6,1168.0,-94999.9999999909,34
2023-10-02 09:59:00,2023-10-02 10:45:00,LONG,1164.0,1165.6,124999.99999999092,46
2023-10-03 10:30:00,2023-10-03 10:42:00,SHORT,1141.8,1144.1,-264999.99999999546,12
2023-10-04 09:39:00,2023-10-04 10:49:00,LONG,1125.5,1130.9,505000.0000000091,70
2023-10-05 09:42:00,2023-10-05 09:51:00,LONG,1136.2,1133.8,-275000.0000000091,9
2023-10-05 10:22:00,2023-10-05 10:39:00,SHORT,1130.0,1130.9,-125000.0000000091,17
2023-10-06 09:42:00,2023-10-06 10:15:00,LONG,1123.8,1124.8,65000.0,33
2023-10-09 09:30:00,2023-10-09 10:37:00,LONG,1138.1,1139.8,135000.00000000454,66
2023-10-10 09:31:00,2023-10-10 09:43:00,LONG,1159.5,1159.7,-14999.999999995453,12
2023-10-10 14:27:00,2023-10-10 14:30:00,SHORT,1154.4,1157.0,-294999.9999999909,3
2023-10-11 13:20:00,2023-10-11 13:30:00,SHORT,1155.1,1155.4,-65000.00000001819,10
2023-10-11 13:53:00,2023-10-11 14:16:00,LONG,1161.0,1159.5,-185000.0,23
2023-10-12 09:47:00,2023-10-12 10:38:00,SHORT,1165.9,1166.0,-44999.999999990905,51
2023-10-13 11:15:00,2023-10-13 11:20:00,SHORT,1150.8,1151.5,-105000.00000000454,5
2023-10-13 14:19:00,2023-10-13 14:30:00,LONG,1157.4,1165.0,724999.9999999909,11
2023-10-16 10:01:00,2023-10-16 11:20:00,SHORT,1156.8,1152.1,435000.00000000454,79
2023-10-17 09:49:00,2023-10-17 10:39:00,SHORT,1149.8,1150.8,-135000.0,50
2023-10-17 10:43:00,2023-10-17 11:20:00,LONG,1153.4,1155.9,215000.0,37
2023-10-18 09:49:00,2023-10-18 10:06:00,SHORT,1135.5,1137.3,-214999.99999999546,17
2023-10-18 11:02:00,2023-10-18 11:20:00,LONG,1140.6,1140.0,-94999.9999999909,18
2023-10-19 09:31:00,2023-10-19 09:59:00,SHORT,1119.0,1121.4,-275000.0000000091,28
2023-10-20 09:53:00,2023-10-20 10:08:00,LONG,1105.0,1103.9,-144999.99999999092,15
2023-10-20 10:23:00,2023-10-20 10:27:00,SHORT,1098.6,1101.1,-285000.0,4
2023-10-23 09:30:00,2023-10-23 11:20:00,SHORT,1114.7,1101.9,1244999.9999999953,110
2023-10-24 09:30:00,2023-10-24 10:03:00,LONG,1114.2,1111.8,-275000.0000000091,33
2023-10-24 10:27:00,2023-10-24 11:17:00,SHORT,1106.4,1105.1,95000.00000001819,50
2023-10-25 09:42:00,2023-10-25 10:25:00,LONG,1119.7,1120.1,4999.999999986358,43
2023-10-25 14:05:00,2023-10-25 14:30:00,SHORT,1114.0,1110.1,355000.0000000091,25
2023-10-30 09:46:00,2023-10-30 10:32:00,SHORT,1054.4,1056.5,-244999.99999999092,46
2023-10-30 14:17:00,2023-10-30 14:25:00,LONG,1064.3,1058.5,-614999.9999999955,8
2023-10-31 09:31:00,2023-10-31 09:45:00,LONG,1047.0,1044.1,-325000.0000000091,14
2023-10-31 10:01:00,2023-10-31 10:35:00,SHORT,1042.5,1044.2,-205000.00000000454,34
2023-11-01 09:36:00,2023-11-01 10:25:00,SHORT,1043.2,1042.9,-5000.0000000045475,49
2023-11-01 10:54:00,2023-11-01 11:20:00,LONG,1048.5,1047.1,-175000.00000000908,26
2023-11-02 09:30:00,2023-11-02 09:57:00,SHORT,1055.8,1056.6,-114999.99999999546,27
2023-11-02 10:15:00,2023-11-02 11:14:00,LONG,1058.4,1062.8,404999.9999999864,59
2023-11-03 09:31:00,2023-11-03 10:01:00,SHORT,1087.6,1090.5,-325000.0000000091,30
2023-11-03 13:45:00,2023-11-03 13:50:00,LONG,1093.8,1090.0,-414999.99999999546,5
2023-11-06 10:47:00,2023-11-06 10:56:00,LONG,1101.2,1098.5,-305000.00000000454,9
2023-11-07 13:17:00,2023-11-07 14:05:00,SHORT,1096.0,1096.3,-64999.99999999545,48
2023-11-08 09:38:00,2023-11-08 10:01:00,SHORT,1089.9,1089.0,55000.000000009095,23
2023-11-08 13:38:00,2023-11-08 14:30:00,LONG,1095.0,1135.2,3985000.0000000047,52
2023-11-09 09:41:00,2023-11-09 09:48:00,LONG,1137.9,1134.5,-375000.0000000091,7
2023-11-10 11:12:00,2023-11-10 11:20:00,LONG,1115.5,1114.5,-135000.0,8
2023-11-10 14:24:00,2023-11-10 14:30:00,SHORT,1107.4,1108.5,-144999.99999999092,6
2023-11-13 10:11:00,2023-11-13 10:21:00,SHORT,1108.4,1109.4,-135000.0,10
2023-11-13 13:28:00,2023-11-13 13:39:00,LONG,1112.8,1109.6,-355000.00000000454,11
2023-11-14 09:45:00,2023-11-14 10:06:00,LONG,1117.4,1115.3,-245000.00000001365,21
2023-11-14 13:50:00,2023-11-14 14:11:00,SHORT,1113.5,1114.4,-125000.0000000091,21
2023-11-15 10:12:00,2023-11-15 10:34:00,LONG,1145.8,1147.5,135000.00000000454,22
2023-11-16 09:41:00,2023-11-16 09:51:00,SHORT,1128.2,1129.2,-135000.0,10
2023-11-16 09:53:00,2023-11-16 10:37:00,LONG,1131.3,1128.6,-305000.00000000454,44
2023-11-17 09:32:00,2023-11-17 10:39:00,SHORT,1139.1,1133.8,494999.99999999546,67
2023-11-20 09:41:00,2023-11-20 10:01:00,LONG,1091.6,1091.2,-74999.99999998635,20
2023-11-21 09:46:00,2023-11-21 10:08:00,SHORT,1107.3,1107.2,-25000.000000009095,22
2023-11-22 10:13:00,2023-11-22 10:38:00,LONG,1113.1,1112.9,-54999.99999998181,25
2023-11-23 09:30:00,2023-11-23 10:35:00,SHORT,1114.0,1109.2,444999.99999999546,65
2023-11-24 13:47:00,2023-11-24 13:56:00,SHORT,1077.9,1080.5,-294999.9999999909,9
2023-11-27 10:20:00,2023-11-27 10:25:00,SHORT,1079.5,1081.6,-244999.99999999092,5
2023-11-28 09:43:00,2023-11-28 10:26:00,SHORT,1075.0,1073.4,124999.99999999092,43
2023-11-28 13:51:00,2023-11-28 14:13:00,LONG,1078.4,1080.2,144999.99999999546,22
2023-11-29 09:38:00,2023-11-29 10:33:00,LONG,1091.4,1090.4,-135000.0,55
2023-11-30 09:30:00,2023-11-30 10:40:00,LONG,1092.2,1096.2,365000.0,70
2023-11-30 14:23:00,2023-11-30 14:30:00,SHORT,1087.8,1079.0,844999.9999999955,7
2023-12-01 13:47:00,2023-12-01 13:54:00,SHORT,1078.0,1081.6,-394999.9999999909,7
2023-12-01 14:04:00,2023-12-01 14:30:00,LONG,1086.5,1091.1,424999.9999999909,26
2023-12-05 10:37:00,2023-12-05 11:16:00,SHORT,1104.1,1102.2,154999.99999998635,39
2023-12-06 09:32:00,2023-12-06 10:04:00,SHORT,1101.6,1104.5,-325000.0000000091,32
2023-12-06 10:04:00,2023-12-06 10:56:00,LONG,1104.5,1106.0,115000.0,52
2023-12-07 09:30:00,2023-12-07 09:46:00,LONG,1112.2,1110.9,-164999.99999999546,16
2023-12-07 09:52:00,2023-12-07 10:17:00,SHORT,1107.0,1104.0,265000.0,25
2023-12-08 10:41:00,2023-12-08 11:04:00,LONG,1113.8,1113.9,-24999.999999986358,23
2023-12-08 14:24:00,2023-12-08 14:30:00,SHORT,1110.4,1115.0,-494999.9999999909,6
2023-12-11 09:45:00,2023-12-11 10:14:00,SHORT,1115.2,1115.7,-85000.0,29
2023-12-11 14:09:00,2023-12-11 14:18:00,LONG,1118.0,1116.3,-205000.00000000454,9
2023-12-12 09:30:00,2023-12-12 11:20:00,SHORT,1119.7,1113.8,555000.0000000091,110
2023-12-13 09:56:00,2023-12-13 11:04:00,SHORT,1120.8,1119.4,104999.99999998635,68
2023-12-14 09:31:00,2023-12-14 10:33:00,SHORT,1109.5,1109.3,-14999.999999995453,62
2023-12-15 11:05:00,2023-12-15 11:20:00,SHORT,1102.3,1100.5,144999.99999999546,15
2023-12-15 14:02:00,2023-12-15 14:10:00,LONG,1108.0,1105.4,-294999.9999999909,8
2023-12-18 10:05:00,2023-12-18 10:56:00,SHORT,1093.2,1091.9,94999.99999999546,51
2023-12-19 14:13:00,2023-12-19 14:22:00,SHORT,1080.5,1081.8,-164999.99999999546,9
2023-12-19 14:23:00,2023-12-19 14:30:00,LONG,1085.2,1088.5,294999.99999999546,7
2023-12-20 09:42:00,2023-12-20 11:15:00,LONG,1092.7,1090.8,-225000.00000000908,93
2023-12-20 11:15:00,2023-12-20 11:20:00,SHORT,1090.8,1091.0,-55000.00000000455,5
2023-12-21 10:10:00,2023-12-21 10:47:00,SHORT,1089.7,1091.5,-214999.99999999546,37
2023-12-21 13:25:00,2023-12-21 13:52:00,LONG,1094.7,1093.9,-114999.99999999546,27
2023-12-22 09:37:00,2023-12-22 11:16:00,SHORT,1097.0,1094.8,185000.00000000454,99
2023-12-25 09:30:00,2023-12-25 09:51:00,LONG,1106.3,1111.2,455000.0000000091,21
2023-12-26 10:20:00,2023-12-26 10:51:00,SHORT,1114.2,1115.2,-135000.0,31
2023-12-26 13:56:00,2023-12-26 14:03:00,LONG,1117.2,1114.8,-275000.0000000091,7
2023-12-27 09:31:00,2023-12-27 10:01:00,LONG,1122.2,1122.9,35000.00000000454,30
2023-12-27 14:28:00,2023-12-27 14:30:00,SHORT,1119.4,1118.0,105000.00000000908,2
2023-12-28 09:53:00,2023-12-28 11:20:00,LONG,1119.1,1119.9,45000.00000001819,87
2023-12-29 09:30:00,2023-12-29 09:55:00,SHORT,1132.4,1134.2,-214999.99999999546,25
2023-12-29 10:36:00,2023-12-29 11:20:00,LONG,1136.6,1136.9,-4999.99999998181,44
2024-01-02 10:31:00,2024-01-02 11:20:00,SHORT,1137.6,1132.0,524999.9999999909,49
2024-01-03 10:39:00,2024-01-03 11:20:00,LONG,1131.0,1133.7,235000.00000000454,41
2024-01-04 09:53:00,2024-01-04 10:00:00,LONG,1148.1,1147.9,-54999.99999998181,7
2024-01-05 10:05:00,2024-01-05 10:13:00,LONG,1163.6,1161.7,-224999.99999998635,8
2024-01-05 10:47:00,2024-01-05 11:20:00,SHORT,1154.9,1157.2,-264999.99999999546,33
2024-01-08 14:11:00,2024-01-08 14:25:00,SHORT,1165.0,1167.1,-244999.99999999092,14
2024-01-09 11:10:00,2024-01-09 11:20:00,SHORT,1161.3,1162.0,-105000.00000000454,10
2024-01-10 09:45:00,2024-01-10 10:57:00,LONG,1163.7,1168.0,394999.99999999546,72
2024-01-10 14:18:00,2024-01-10 14:26:00,SHORT,1160.4,1164.4,-435000.0,8
2024-01-11 09:30:00,2024-01-11 10:37:00,LONG,1167.0,1172.2,485000.00000000454,67
2024-01-11 14:19:00,2024-01-11 14:30:00,SHORT,1163.9,1166.5,-294999.9999999909,11
2024-01-12 10:53:00,2024-01-12 11:02:00,LONG,1166.3,1163.2,-344999.9999999909,9
2024-01-15 10:51:00,2024-01-15 10:57:00,SHORT,1168.6,1170.9,-265000.00000001816,6
2024-01-16 10:53:00,2024-01-16 11:20:00,LONG,1162.3,1161.7,-94999.9999999909,27
2024-01-17 09:35:00,2024-01-17 09:59:00,LONG,1172.4,1172.3,-45000.00000001364,24
2024-01-17 14:10:00,2024-01-17 14:16:00,SHORT,1168.0,1169.4,-175000.00000000908,6
2024-01-18 09:37:00,2024-01-18 09:50:00,SHORT,1167.0,1168.9,-225000.00000000908,13
2024-01-18 09:55:00,2024-01-18 10:12:00,LONG,1170.3,1169.3,-135000.0,17
2024-01-19 09:30:00,2024-01-19 09:56:00,LONG,1184.6,1182.8,-214999.99999999546,26
2024-01-22 09:53:00,2024-01-22 10:44:00,SHORT,1192.0,1190.6,105000.00000000908,51
2024-01-23 10:02:00,2024-01-23 11:20:00,SHORT,1192.0,1189.3,235000.00000000454,78
2024-01-24 13:51:00,2024-01-24 14:10:00,LONG,1185.8,1181.3,-485000.0,19
2024-01-24 14:10:00,2024-01-24 14:30:00,SHORT,1181.3,1181.7,-75000.0000000091,20
2024-01-25 09:55:00,2024-01-25 10:30:00,SHORT,1179.5,1180.1,-94999.9999999909,35
2024-01-25 13:32:00,2024-01-25 13:46:00,LONG,1183.1,1180.6,-285000.0,14
2024-01-26 09:30:00,2024-01-26 10:15:00,LONG,1185.5,1185.5,-35000.0,45
2024-01-29 13:30:00,2024-01-29 13:59:00,SHORT,1184.8,1185.1,-64999.99999999545,29
2024-01-30 09:35:00,2024-01-30 11:20:00,SHORT,1183.0,1183.0,-35000.0,104
2024-01-30 14:00:00,2024-01-30 14:30:00,LONG,1184.8,1188.0,285000.00000000454,30
2024-01-31 09:49:00,2024-01-31 11:20:00,SHORT,1186.4,1177.7,835000.0000000045,91
2024-02-01 09:45:00,2024-02-01 11:03:00,LONG,1172.4,1176.6,384999.99999998184,78
2024-02-02 10:58:00,2024-02-02 11:20:00,SHORT,1178.0,1178.0,-35000.0,22
2024-02-05 09:50:00,2024-02-05 11:19:00,LONG,1184.5,1185.9,105000.00000000908,88
2024-02-06 10:10:00,2024-02-06 10:23:00,SHORT,1201.5,1203.6,-244999.99999999092,13
2024-02-07 10:57:00,2024-02-07 11:20:00,LONG,1208.5,1208.6,-25000.000000009095,23
2024-02-15 10:30:00,2024-02-15 11:04:00,SHORT,1220.6,1222.7,-245000.00000001365,34
2024-02-15 13:46:00,2024-02-15 14:06:00,LONG,1225.1,1224.9,-54999.99999998181,20
2024-02-23 10:39:00,2024-02-23 11:20:00,LONG,1245.4,1249.7,394999.99999999546,41
2024-02-23 14:07:00,2024-02-23 14:15:00,SHORT,1237.6,1233.6,365000.0,8
2024-02-26 09:39:00,2024-02-26 09:57:00,LONG,1227.6,1225.0,-294999.9999999909,18
2024-02-27 09:51:00,2024-02-27 10:11:00,LONG,1233.5,1238.0,415000.0,20
2024-02-28 09:42:00,2024-02-28 09:47:00,SHORT,1242.2,1244.3,-244999.99999999092,5
2024-02-28 13:11:00,2024-02-28 13:37:00,LONG,1248.5,1254.4,555000.0000000091,26
2024-02-29 09:41:00,2024-02-29 09:45:00,LONG,1271.0,1268.6,-275000.0000000091,4
2024-02-29 10:29:00,2024-02-29 10:48:00,SHORT,1263.3,1265.0,-205000.00000000454,19
2024-03-01 09:30:00,2024-03-01 09:39:00,SHORT,1261.5,1264.0,-285000.0,9
2024-03-01 13:31:00,2024-03-01 13:39:00,LONG,1265.7,1263.7,-235000.0,8
2024-03-04 10:03:00,2024-03-04 10:47:00,SHORT,1268.3,1265.5,244999.99999999546,44
2024-03-05 10:24:00,2024-03-05 10:39:00,SHORT,1265.6,1266.5,-125000.0000000091,15
2024-03-05 14:00:00,2024-03-05 14:15:00,LONG,1269.4,1267.3,-245000.00000001365,15
2024-03-06 09:39:00,2024-03-06 09:51:00,LONG,1279.6,1279.1,-85000.0,12
2024-03-07 09:30:00,2024-03-07 09:52:00,LONG,1268.4,1268.9,15000.0,22
2024-03-08 09:30:00,2024-03-08 10:25:00,SHORT,1270.1,1256.2,1354999.9999999863,55
2024-03-11 09:53:00,2024-03-11 10:02:00,LONG,1254.1,1252.0,-244999.99999999092,9
2024-03-11 13:50:00,2024-03-11 14:30:00,SHORT,1247.0,1232.8,1385000.0000000047,40
2024-03-12 09:45:00,2024-03-12 10:12:00,LONG,1235.8,1236.8,65000.0,27
2024-03-13 09:37:00,2024-03-13 10:30:00,LONG,1243.9,1246.0,174999.99999999092,53
2024-03-14 09:39:00,2024-03-14 10:04:00,SHORT,1267.9,1267.3,25000.000000013642,25
2024-03-15 13:57:00,2024-03-15 14:13:00,SHORT,1250.2,1252.0,-214999.99999999546,16
2024-03-18 09:50:00,2024-03-18 10:46:00,SHORT,1249.1,1233.4,1534999.9999999818,56
2024-03-19 09:46:00,2024-03-19 10:06:00,SHORT,1225.9,1230.2,-464999.99999999546,20
2024-03-20 09:36:00,2024-03-20 09:54:00,LONG,1234.1,1231.7,-274999.9999999864,18
2024-03-20 09:57:00,2024-03-20 10:17:00,SHORT,1231.2,1230.8,5000.000000009095,20
2024-03-21 13:09:00,2024-03-21 13:14:00,LONG,1270.2,1268.0,-255000.00000000454,5
2024-03-22 09:31:00,2024-03-22 09:52:00,LONG,1291.0,1290.2,-114999.99999999546,21
2024-03-22 10:12:00,2024-03-22 10:38:00,SHORT,1283.7,1283.3,5000.000000009095,26
2024-03-25 09:53:00,2024-03-25 10:37:00,LONG,1284.6,1284.4,-54999.99999998181,44
2024-03-25 14:11:00,2024-03-25 14:30:00,SHORT,1275.0,1272.0,265000.0,19
2024-03-26 10:06:00,2024-03-26 11:20:00,LONG,1274.0,1278.5,415000.0,74
2024-03-27 09:30:00,2024-03-27 10:00:00,LONG,1287.6,1286.5,-144999.99999999092,30
2024-03-27 10:15:00,2024-03-27 10:45:00,SHORT,1283.0,1285.3,-264999.99999999546,30
2024-03-28 09:43:00,2024-03-28 10:25:00,LONG,1301.9,1299.0,-325000.0000000091,42
2024-03-29 09:30:00,2024-03-29 09:34:00,SHORT,1301.0,1302.8,-214999.99999999546,4
2024-04-01 11:04:00,2024-04-01 11:20:00,SHORT,1290.4,1286.6,345000.00000001816,16
2024-04-02 09:44:00,2024-04-02 10:08:00,SHORT,1276.6,1280.1,-385000.0,24
2024-04-02 13:12:00,2024-04-02 13:24:00,LONG,1284.4,1282.6,-215000.0000000182,12
2024-04-03 09:58:00,2024-04-03 10:27:00,LONG,1285.5,1285.3,-55000.00000000455,29
2024-04-03 11:00:00,2024-04-03 11:20:00,SHORT,1280.7,1279.0,135000.00000000454,20
2024-04-04 09:31:00,2024-04-04 10:30:00,LONG,1279.0,1277.3,-205000.00000000454,59
2024-04-04 10:46:00,2024-04-04 11:20:00,SHORT,1274.1,1272.8,94999.99999999546,34
2024-04-05 14:03:00,2024-04-05 14:25:00,LONG,1260.5,1258.8,-205000.00000000454,22
2024-04-08 09:50:00,2024-04-08 10:19:00,SHORT,1252.6,1251.0,124999.99999999092,29
2024-04-08 13:41:00,2024-04-08 14:13:00,LONG,1257.5,1254.7,-314999.99999999546,32
2024-04-09 09:37:00,2024-04-09 09:44:00,SHORT,1255.4,1257.2,-214999.99999999546,7
2024-04-10 09:34:00,2024-04-10 09:57:00,LONG,1269.8,1270.3,15000.0,23
2024-04-10 13:49:00,2024-04-10 14:15:00,SHORT,1264.4,1267.0,-294999.9999999909,26
2024-04-11 09:38:00,2024-04-11 10:33:00,LONG,1255.4,1257.0,124999.99999999092,55
2024-04-12 09:44:00,2024-04-12 10:54:00,SHORT,1265.4,1262.4,265000.0,70
2024-04-12 13:35:00,2024-04-12 14:30:00,LONG,1268.8,1288.8,1965000.0,55
2024-04-15 10:16:00,2024-04-15 10:56:00,SHORT,1275.7,1276.9,-155000.00000000454,40
2024-04-16 11:00:00,2024-04-16 11:04:00,SHORT,1224.4,1229.5,-544999.9999999909,4
2024-04-17 10:14:00,2024-04-17 11:12:00,SHORT,1228.6,1227.5,74999.9999999909,58
2024-04-19 09:40:00,2024-04-19 09:49:00,LONG,1201.7,1201.1,-95000.00000001365,9
2024-04-19 10:47:00,2024-04-19 11:01:00,SHORT,1194.9,1197.4,-285000.0,14
2024-04-22 10:25:00,2024-04-22 11:02:00,LONG,1208.2,1210.0,144999.99999999546,37
2024-04-23 09:44:00,2024-04-23 10:04:00,LONG,1210.8,1209.1,-205000.00000000454,20
2024-04-23 10:15:00,2024-04-23 10:48:00,SHORT,1204.7,1208.3,-394999.9999999909,33
2024-04-24 09:34:00,2024-04-24 10:10:00,LONG,1214.8,1219.7,455000.0000000091,36
2024-04-25 10:05:00,2024-04-25 10:19:00,SHORT,1225.2,1226.7,-185000.0,14
2024-04-26 09:36:00,2024-04-26 10:52:00,LONG,1225.8,1238.3,1215000.0,76
2024-05-02 10:13:00,2024-05-02 10:32:00,LONG,1239.5,1237.0,-285000.0,19
2024-05-03 13:50:00,2024-05-03 14:10:00,LONG,1254.1,1251.6,-285000.0,20
2024-05-03 14:15:00,2024-05-03 14:30:00,SHORT,1247.3,1247.4,-45000.00000001364,15
2024-05-06 10:25:00,2024-05-06 11:20:00,LONG,1259.8,1264.1,394999.99999999546,55
2024-05-07 09:45:00,2024-05-07 10:25:00,SHORT,1268.2,1268.6,-74999.99999998635,40
2024-05-07 14:17:00,2024-05-07 14:30:00,LONG,1273.8,1275.6,144999.99999999546,13
2024-05-08 14:03:00,2024-05-08 14:21:00,LONG,1274.5,1271.1,-375000.0000000091,18
2024-05-09 10:37:00,2024-05-09 11:01:00,SHORT,1276.6,1276.6,-35000.0,24
2024-05-10 09:31:00,2024-05-10 09:48:00,LONG,1277.1,1276.9,-54999.99999998181,17
2024-05-10 11:04:00,2024-05-10 11:20:00,SHORT,1272.0,1266.0,565000.0,16
2024-05-13 10:43:00,2024-05-13 11:20:00,SHORT,1267.3,1269.0,-205000.00000000454,37
2024-05-14 09:58:00,2024-05-14 10:12:00,LONG,1277.0,1276.7,-64999.99999999545,14
2024-05-15 10:00:00,2024-05-15 11:20:00,LONG,1281.0,1283.9,255000.00000000908,80
2024-05-16 09:45:00,2024-05-16 11:04:00,LONG,1297.2,1306.0,844999.9999999955,79
2024-05-17 14:17:00,2024-05-17 14:28:00,LONG,1307.7,1305.5,-255000.00000000454,11
2024-05-20 13:29:00,2024-05-20 13:59:00,SHORT,1314.0,1314.0,-35000.0,30
2024-05-21 09:58:00,2024-05-21 10:10:00,SHORT,1306.2,1307.0,-114999.99999999546,12
2024-05-22 09:40:00,2024-05-22 10:04:00,SHORT,1308.0,1307.8,-14999.999999995453,24
2024-05-23 09:31:00,2024-05-23 09:36:00,LONG,1292.0,1289.1,-325000.0000000091,5
2024-05-23 11:15:00,2024-05-23 11:20:00,SHORT,1283.9,1284.6,-104999.99999998181,5
2024-05-24 09:59:00,2024-05-24 10:49:00,LONG,1295.7,1300.7,465000.0,50
2024-05-24 11:14:00,2024-05-24 11:20:00,SHORT,1288.6,1288.0,24999.999999990905,6
2024-05-27 10:19:00,2024-05-27 10:41:00,SHORT,1276.5,1279.7,-355000.00000000454,22
2024-05-28 09:54:00,2024-05-28 09:59:00,LONG,1285.5,1283.6,-225000.00000000908,5
2024-05-29 09:43:00,2024-05-29 10:28:00,SHORT,1287.4,1284.3,275000.0000000136,45
2024-05-30 10:41:00,2024-05-30 11:20:00,SHORT,1264.7,1261.7,265000.0,39
2024-05-30 14:28:00,2024-05-30 14:30:00,LONG,1270.9,1270.9,-35000.0,2
2024-05-31 10:07:00,2024-05-31 10:48:00,LONG,1272.8,1272.8,-35000.0,41
2024-05-31 14:07:00,2024-05-31 14:17:00,SHORT,1268.4,1271.0,-294999.9999999909,10
2024-06-04 09:42:00,2024-06-04 10:02:00,LONG,1296.2,1299.2,265000.0,20
2024-06-04 14:00:00,2024-06-04 14:03:00,SHORT,1291.5,1294.1,-294999.9999999909,3
2024-06-05 09:30:00,2024-06-05 09:52:00,LONG,1307.3,1307.0,-64999.99999999545,22
2024-06-05 13:40:00,2024-06-05 13:51:00,SHORT,1300.9,1303.8,-324999.9999999864,11
2024-06-06 13:25:00,2024-06-06 13:45:00,LONG,1304.9,1303.1,-215000.0000000182,20
2024-06-06 14:21:00,2024-06-06 14:30:00,SHORT,1295.4,1294.9,15000.0,9
2024-06-07 09:43:00,2024-06-07 10:36:00,SHORT,1304.8,1302.2,224999.99999999092,53
2024-06-07 14:29:00,2024-06-07 14:30:00,LONG,1309.4,1308.7,-105000.00000000454,1
2024-06-10 13:35:00,2024-06-10 13:52:00,SHORT,1309.2,1309.2,-35000.0,17
2024-06-11 09:40:00,2024-06-11 11:02:00,SHORT,1311.0,1305.8,485000.00000000454,82
2024-06-12 09:35:00,2024-06-12 10:16:00,LONG,1304.4,1304.6,-15000.00000001819,41
2024-06-13 09:44:00,2024-06-13 10:10:00,SHORT,1329.2,1327.7,115000.0,26
2024-06-13 13:43:00,2024-06-13 14:26:00,LONG,1332.5,1334.7,185000.00000000454,43
2024-06-14 10:14:00,2024-06-14 10:19:00,LONG,1334.7,1332.5,-255000.00000000454,5
2024-06-14 13:59:00,2024-06-14 14:06:00,SHORT,1329.7,1331.5,-214999.99999999546,7
2024-06-17 09:32:00,2024-06-17 09:37:00,SHORT,1310.1,1313.0,-325000.0000000091,5
2024-06-18 10:30:00,2024-06-18 11:16:00,LONG,1313.5,1314.8,94999.99999999546,46
2024-06-18 14:26:00,2024-06-18 14:30:00,SHORT,1309.7,1309.0,35000.00000000454,4
2024-06-19 09:30:00,2024-06-19 10:25:00,SHORT,1309.5,1302.2,694999.9999999955,55
2024-06-19 14:07:00,2024-06-19 14:23:00,LONG,1313.1,1318.8,535000.0000000045,16
2024-06-20 10:36:00,2024-06-20 10:49:00,LONG,1321.6,1321.5,-44999.999999990905,13
2024-06-20 13:52:00,2024-06-20 14:08:00,SHORT,1316.9,1321.8,-524999.9999999864,16
2024-06-24 09:49:00,2024-06-24 09:55:00,LONG,1317.0,1314.5,-285000.0,6
2024-06-24 10:00:00,2024-06-24 11:20:00,SHORT,1311.5,1296.5,1465000.0,80
2024-06-25 14:00:00,2024-06-25 14:07:00,SHORT,1287.2,1291.6,-474999.9999999864,7
2024-06-26 09:42:00,2024-06-26 09:51:00,LONG,1291.1,1290.0,-144999.99999999092,9
2024-06-26 10:31:00,2024-06-26 11:20:00,SHORT,1286.5,1276.6,955000.0000000091,42
2024-06-27 13:30:00,2024-06-27 13:39:00,LONG,1288.0,1286.0,-235000.0,9
2024-06-28 09:37:00,2024-06-28 10:07:00,SHORT,1290.1,1289.1,65000.0,30
2024-07-01 09:43:00,2024-07-01 10:16:00,SHORT,1273.9,1273.9,-35000.0,33
2024-07-01 14:00:00,2024-07-01 14:30:00,LONG,1279.8,1285.2,505000.0000000091,30
2024-07-02 10:17:00,2024-07-02 11:17:00,LONG,1289.0,1294.4,505000.0000000091,60
2024-07-03 09:50:00,2024-07-03 10:34:00,SHORT,1296.2,1296.2,-35000.0,44
2024-07-03 13:16:00,2024-07-03 14:14:00,LONG,1298.5,1306.0,715000.0,58
2024-07-04 09:32:00,2024-07-04 10:06:00,LONG,1309.6,1311.0,105000.00000000908,34
2024-07-04 14:18:00,2024-07-04 14:22:00,SHORT,1304.6,1307.6,-335000.0,4
2024-07-05 09:31:00,2024-07-05 09:47:00,SHORT,1308.4,1310.5,-244999.99999999092,16
2024-07-05 10:06:00,2024-07-05 10:38:00,LONG,1312.0,1312.2,-14999.999999995453,32
2024-07-08 09:35:00,2024-07-08 10:49:00,SHORT,1315.2,1312.8,205000.00000000908,74
2024-07-09 09:30:00,2024-07-09 10:17:00,SHORT,1310.8,1307.5,294999.99999999546,47
2024-07-09 13:53:00,2024-07-09 14:01:00,LONG,1317.2,1316.5,-105000.00000000454,8
2024-07-10 09:30:00,2024-07-10 09:43:00,SHORT,1315.5,1317.9,-275000.0000000091,13
2024-07-10 10:11:00,2024-07-10 10:35:00,LONG,1321.7,1319.0,-305000.00000000454,24
2024-07-11 09:40:00,2024-07-11 10:25:00,LONG,1316.5,1315.3,-155000.00000000454,41
2024-07-11 11:00:00,2024-07-11 11:20:00,SHORT,1313.2,1312.0,85000.00000000454,20
2024-07-12 10:32:00,2024-07-12 10:57:00,LONG,1307.3,1306.8,-85000.0,25
2024-07-12 13:29:00,2024-07-12 13:35:00,SHORT,1301.6,1303.5,-225000.00000000908,6
2024-07-15 09:35:00,2024-07-15 09:57:00,LONG,1304.4,1303.8,-95000.00000001365,22
2024-07-15 13:21:00,2024-07-15 14:29:00,SHORT,1300.8,1296.7,374999.9999999909,68
2024-07-16 09:34:00,2024-07-16 09:39:00,LONG,1303.2,1301.4,-214999.99999999546,5
2024-07-17 09:57:00,2024-07-17 10:24:00,SHORT,1305.8,1303.6,185000.00000000454,27
2024-07-17 13:39:00,2024-07-17 14:18:00,LONG,1311.6,1315.8,385000.00000000454,39
2024-07-18 10:35:00,2024-07-18 10:39:00,SHORT,1300.8,1301.3,-85000.0,4
2024-07-19 09:30:00,2024-07-19 09:55:00,LONG,1310.0,1306.6,-375000.0000000091,25
2024-07-19 11:10:00,2024-07-19 11:20:00,SHORT,1301.3,1302.9,-195000.00000001365,10
2024-07-22 09:40:00,2024-07-22 10:05:00,LONG,1297.7,1301.2,315000.0,25
2024-07-23 09:41:00,2024-07-23 09:51:00,SHORT,1300.4,1302.5,-244999.99999999092,10
2024-07-24 09:59:00,2024-07-24 10:31:00,SHORT,1280.3,1277.4,254999.99999998638,32
2024-07-25 09:35:00,2024-07-25 09:52:00,SHORT,1273.5,1276.3,-314999.99999999546,17
2024-07-26 09:31:00,2024-07-26 09:55:00,SHORT,1277.6,1278.7,-145000.00000001365,24
2024-07-26 10:46:00,2024-07-26 11:03:00,LONG,1279.6,1279.4,-54999.99999998181,17
2024-07-29 09:37:00,2024-07-29 10:07:00,LONG,1292.7,1292.9,-14999.999999995453,30
2024-07-29 14:26:00,2024-07-29 14:30:00,SHORT,1289.4,1289.1,-4999.99999998181,4
2024-07-30 09:35:00,2024-07-30 11:20:00,LONG,1286.3,1287.5,85000.00000000454,105
2024-07-31 09:34:00,2024-07-31 10:56:00,LONG,1297.0,1298.8,144999.99999999546,82
2024-08-02 10:50:00,2024-08-02 10:58:00,SHORT,1262.2,1262.2,-35000.0,8
2024-08-02 14:03:00,2024-08-02 14:30:00,LONG,1268.9,1276.0,674999.9999999909,27
2024-08-05 09:51:00,2024-08-05 09:56:00,LONG,1260.5,1258.0,-285000.0,5
2024-08-05 11:10:00,2024-08-05 11:16:00,SHORT,1251.6,1248.4,284999.99999998184,6
2024-08-06 09:38:00,2024-08-06 10:21:00,SHORT,1243.6,1240.1,315000.0,43
2024-08-06 13:06:00,2024-08-06 13:28:00,LONG,1250.0,1248.0,-235000.0,22
2024-08-07 09:36:00,2024-08-07 09:44:00,LONG,1255.0,1253.0,-235000.0,8
2024-08-07 13:56:00,2024-08-07 14:07:00,SHORT,1249.9,1251.6,-204999.9999999818,11
2024-08-08 09:59:00,2024-08-08 10:09:00,SHORT,1242.6,1244.1,-185000.0,10
2024-08-08 10:55:00,2024-08-08 11:20:00,LONG,1249.1,1250.9,145000.0000000182,25
2024-08-09 09:53:00,2024-08-09 10:22:00,LONG,1251.5,1252.3,44999.99999999546,29
2024-08-12 09:37:00,2024-08-12 09:49:00,LONG,1263.9,1261.3,-295000.0000000136,12
2024-08-13 09:52:00,2024-08-13 10:04:00,LONG,1269.6,1267.6,-235000.0,12
2024-08-13 10:58:00,2024-08-13 11:16:00,SHORT,1266.0,1267.0,-135000.0,18
2024-08-14 09:56:00,2024-08-14 11:02:00,SHORT,1270.6,1270.8,-55000.00000000455,66
2024-08-14 13:21:00,2024-08-14 13:32:00,LONG,1272.9,1270.7,-255000.00000000454,11
2024-08-15 10:18:00,2024-08-15 11:20:00,SHORT,1267.3,1268.0,-105000.00000000454,62
2024-08-16 10:14:00,2024-08-16 11:20:00,LONG,1272.6,1278.8,585000.0000000045,66
2024-08-19 09:44:00,2024-08-19 09:59:00,LONG,1293.7,1294.9,85000.00000000454,15
2024-08-20 09:39:00,2024-08-20 10:12:00,LONG,1301.9,1302.2,-5000.0000000045475,33
2024-08-21 09:30:00,2024-08-21 09:39:00,LONG,1301.8,1299.7,-244999.99999999092,9
2024-08-21 10:33:00,2024-08-21 11:17:00,SHORT,1298.0,1300.7,-305000.00000000454,44
2024-08-22 10:08:00,2024-08-22 10:58:00,SHORT,1311.9,1313.9,-235000.0,50
2024-08-23 09:31:00,2024-08-23 10:00:00,LONG,1313.8,1311.2,-294999.9999999909,29
2024-08-26 10:19:00,2024-08-26 10:35:00,SHORT,1318.5,1320.5,-235000.0,16
2024-08-26 13:05:00,2024-08-26 13:29:00,LONG,1321.8,1321.0,-114999.99999999546,24
2024-08-27 09:44:00,2024-08-27 10:32:00,LONG,1317.9,1318.3,4999.999999986358,48
2024-08-27 11:12:00,2024-08-27 11:20:00,SHORT,1315.3,1316.7,-175000.00000000908,8
2024-08-28 09:31:00,2024-08-28 10:11:00,LONG,1323.5,1321.7,-214999.99999999546,40
2024-08-28 14:06:00,2024-08-28 14:30:00,SHORT,1320.2,1323.6,-374999.9999999864,24
2024-08-29 09:30:00,2024-08-29 10:11:00,LONG,1325.5,1327.0,115000.0,41
2024-08-30 09:31:00,2024-08-30 09:50:00,LONG,1331.6,1329.7,-224999.99999998635,19
2024-09-04 10:59:00,2024-09-04 11:20:00,SHORT,1309.8,1310.5,-105000.00000000454,21
2024-09-05 09:33:00,2024-09-05 10:32:00,LONG,1316.7,1316.7,-35000.0,59
2024-09-05 10:51:00,2024-09-05 11:20:00,SHORT,1314.7,1314.4,-5000.0000000045475,29
2024-09-06 09:45:00,2024-09-06 10:27:00,LONG,1309.1,1309.0,-44999.999999990905,42
2024-09-09 10:10:00,2024-09-09 11:20:00,LONG,1303.1,1303.5,5000.000000009095,70
2024-09-10 09:51:00,2024-09-10 11:20:00,SHORT,1310.2,1308.7,115000.0,89
2024-09-11 09:30:00,2024-09-11 09:57:00,SHORT,1290.3,1292.2,-225000.00000000908,27
2024-09-11 13:56:00,2024-09-11 14:19:00,LONG,1295.2,1294.5,-105000.00000000454,23
2024-09-12 10:38:00,2024-09-12 11:05:00,LONG,1300.9,1300.1,-115000.00000001819,27
2024-09-13 09:38:00,2024-09-13 10:27:00,SHORT,1296.0,1294.7,94999.99999999546,49
2024-09-17 09:45:00,2024-09-17 10:39:00,LONG,1284.3,1283.7,-94999.9999999909,54
2024-09-18 09:34:00,2024-09-18 09:57:00,LONG,1307.1,1304.7,-274999.9999999864,23
2024-09-19 09:50:00,2024-09-19 10:14:00,LONG,1315.9,1314.1,-215000.0000000182,24
2024-09-20 09:33:00,2024-09-20 10:19:00,LONG,1331.5,1335.0,315000.0,46
2024-09-24 09:33:00,2024-09-24 10:14:00,LONG,1327.4,1325.4,-235000.0,41
2024-09-24 10:59:00,2024-09-24 11:20:00,SHORT,1323.8,1323.4,4999.999999986358,21
2024-09-25 09:51:00,2024-09-25 10:07:00,LONG,1341.8,1341.0,-114999.99999999546,16
2024-09-26 09:34:00,2024-09-26 10:03:00,LONG,1348.2,1351.4,285000.00000000454,29
2024-09-27 09:42:00,2024-09-27 09:55:00,LONG,1362.1,1360.2,-224999.99999998635,13
2024-09-27 10:07:00,2024-09-27 10:43:00,SHORT,1356.9,1356.1,45000.00000001819,36
2024-09-30 10:16:00,2024-09-30 10:25:00,LONG,1354.6,1354.3,-64999.99999999545,9
2024-10-01 09:30:00,2024-10-01 10:12:00,LONG,1364.2,1367.5,294999.99999999546,42
2024-10-02 10:29:00,2024-10-02 10:55:00,LONG,1356.9,1359.0,174999.99999999092,26
2024-10-03 09:30:00,2024-10-03 10:31:00,LONG,1366.1,1374.2,775000.0000000136,61
2024-10-03 13:39:00,2024-10-03 13:56:00,SHORT,1357.2,1360.2,-335000.0,17
2024-10-07 09:30:00,2024-10-07 10:27:00,SHORT,1347.1,1343.1,365000.0,57
2024-10-08 09:32:00,2024-10-08 09:37:00,LONG,1343.0,1341.0,-235000.0,5
2024-10-08 10:34:00,2024-10-08 10:50:00,SHORT,1338.1,1339.0,-125000.0000000091,16
2024-10-09 09:32:00,2024-10-09 10:18:00,LONG,1346.5,1346.6,-25000.000000009095,46
2024-10-10 09:32:00,2024-10-10 10:30:00,LONG,1367.3,1369.9,225000.00000001365,58
2024-10-15 09:30:00,2024-10-15 10:12:00,LONG,1364.9,1367.2,194999.99999999546,42
2024-10-15 13:40:00,2024-10-15 14:03:00,SHORT,1360.0,1359.7,-5000.0000000045475,23
2024-10-16 10:35:00,2024-10-16 11:17:00,LONG,1356.2,1357.1,54999.99999998635,42
2024-10-17 14:14:00,2024-10-17 14:30:00,LONG,1359.5,1358.0,-185000.0,16
2024-10-18 10:58:00,2024-10-18 11:20:00,SHORT,1370.2,1365.5,435000.00000000454,22
2024-10-21 09:34:00,2024-10-21 09:57:00,LONG,1366.3,1363.7,-294999.9999999909,23
2024-10-21 14:03:00,2024-10-21 14:09:00,SHORT,1362.5,1365.3,-314999.99999999546,6
2024-10-22 09:31:00,2024-10-22 09:50:00,LONG,1361.9,1360.0,-225000.00000000908,19
2024-10-22 10:00:00,2024-10-22 10:08:00,SHORT,1359.0,1360.8,-214999.99999999546,8
2024-10-23 09:30:00,2024-10-23 11:00:00,SHORT,1351.0,1348.5,215000.0,90
2024-10-24 11:02:00,2024-10-24 11:20:00,SHORT,1350.5,1348.3,185000.00000000454,18
2024-10-25 09:34:00,2024-10-25 09:53:00,SHORT,1336.1,1337.7,-195000.00000001365,19
2024-10-28 10:57:00,2024-10-28 11:20:00,LONG,1330.6,1330.0,-94999.9999999909,23
2024-10-29 09:30:00,2024-10-29 10:50:00,LONG,1336.5,1338.3,144999.99999999546,80
2024-10-31 09:34:00,2024-10-31 10:55:00,SHORT,1336.8,1335.9,54999.99999998635,81
2024-11-01 09:46:00,2024-11-01 10:05:00,SHORT,1336.4,1338.5,-244999.99999999092,19
2024-11-05 09:31:00,2024-11-05 09:56:00,LONG,1319.8,1318.0,-214999.99999999546,25
2024-11-05 14:20:00,2024-11-05 14:30:00,SHORT,1317.8,1319.5,-205000.00000000454,10
2024-11-06 09:40:00,2024-11-06 09:53:00,LONG,1328.1,1327.1,-135000.0,13
2024-11-07 09:32:00,2024-11-07 10:10:00,SHORT,1339.5,1338.2,94999.99999999546,38
2024-11-08 09:46:00,2024-11-08 11:20:00,SHORT,1336.8,1328.2,824999.9999999909,94
2024-11-11 10:16:00,2024-11-11 11:06:00,SHORT,1316.7,1311.0,535000.0000000045,50
2024-11-12 09:50:00,2024-11-12 09:54:00,LONG,1323.1,1320.7,-274999.9999999864,4
2024-11-12 10:14:00,2024-11-12 10:42:00,SHORT,1318.1,1317.1,65000.0,28
2024-11-13 09:30:00,2024-11-13 10:00:00,LONG,1306.7,1308.3,124999.99999999092,30
2024-11-13 10:29:00,2024-11-13 11:20:00,SHORT,1303.1,1299.1,365000.0,51
2024-11-14 09:36:00,2024-11-14 09:53:00,SHORT,1302.0,1303.6,-194999.99999999092,17
2024-11-14 10:13:00,2024-11-14 10:30:00,LONG,1308.5,1306.3,-255000.00000000454,17
2024-11-15 09:36:00,2024-11-15 10:04:00,SHORT,1287.3,1287.6,-64999.99999999545,28
2024-11-18 09:31:00,2024-11-18 09:59:00,SHORT,1271.3,1270.3,65000.0,28
2024-11-18 14:15:00,2024-11-18 14:26:00,LONG,1277.0,1275.3,-205000.00000000454,11
2024-11-19 09:30:00,2024-11-19 10:12:00,SHORT,1267.2,1266.9,-5000.0000000045475,42
2024-11-20 09:32:00,2024-11-20 09:47:00,SHORT,1256.1,1256.4,-65000.00000001819,15
2024-11-21 09:47:00,2024-11-21 10:27:00,SHORT,1265.7,1268.5,-314999.99999999546,40
2024-11-21 11:01:00,2024-11-21 11:10:00,LONG,1269.9,1267.7,-255000.00000000454,9
2024-11-22 10:28:00,2024-11-22 10:49:00,SHORT,1292.2,1294.6,-274999.9999999864,21
2024-11-22 13:20:00,2024-11-22 13:33:00,LONG,1299.4,1299.1,-65000.00000001819,13
2024-11-25 09:43:00,2024-11-25 10:11:00,SHORT,1296.0,1296.3,-64999.99999999545,28
2024-11-25 13:58:00,2024-11-25 14:01:00,LONG,1300.1,1297.0,-344999.9999999909,3
2024-11-26 09:30:00,2024-11-26 11:09:00,LONG,1305.6,1308.8,285000.00000000454,99
2024-11-27 09:43:00,2024-11-27 10:22:00,LONG,1307.3,1306.5,-114999.99999999546,39
2024-11-28 11:01:00,2024-11-28 11:15:00,SHORT,1308.7,1310.9,-255000.00000000454,14
2024-11-29 10:00:00,2024-11-29 10:06:00,LONG,1307.5,1305.3,-255000.00000000454,6
2024-12-02 09:41:00,2024-12-02 10:39:00,SHORT,1321.1,1317.4,334999.99999998184,58
2024-12-03 09:37:00,2024-12-03 10:39:00,SHORT,1313.0,1308.2,444999.99999999546,62
2024-12-03 13:16:00,2024-12-03 13:35:00,LONG,1316.3,1315.9,-74999.99999998635,19
2024-12-04 09:35:00,2024-12-04 10:39:00,SHORT,1306.6,1305.2,104999.99999998635,64
2024-12-05 09:30:00,2024-12-05 09:54:00,LONG,1306.4,1305.0,-175000.00000000908,24
2024-12-06 09:50:00,2024-12-06 10:01:00,SHORT,1341.0,1343.6,-294999.9999999909,11
2024-12-06 10:11:00,2024-12-06 10:25:00,LONG,1347.5,1344.2,-364999.99999999546,14
2024-12-09 13:54:00,2024-12-09 14:08:00,LONG,1343.0,1346.5,315000.0,14
2024-12-11 09:30:00,2024-12-11 10:14:00,LONG,1345.3,1345.1,-55000.00000000455,44
2024-12-11 13:54:00,2024-12-11 14:26:00,SHORT,1340.4,1337.8,225000.00000001365,32
2024-12-12 09:30:00,2024-12-12 10:06:00,LONG,1344.8,1345.3,15000.0,36
2024-12-13 10:16:00,2024-12-13 10:47:00,LONG,1337.1,1336.0,-144999.99999999092,31
2024-12-16 09:30:00,2024-12-16 10:00:00,LONG,1335.9,1336.4,15000.0,30
2024-12-16 13:19:00,2024-12-16 13:43:00,SHORT,1331.2,1330.2,65000.0,24
2024-12-17 09:31:00,2024-12-17 10:10:00,SHORT,1333.6,1331.8,144999.99999999546,39
2024-12-18 09:30:00,2024-12-18 09:51:00,LONG,1333.8,1332.8,-135000.0,21
2024-12-19 09:57:00,2024-12-19 10:26:00,LONG,1321.4,1319.4,-235000.0,29
2024-12-19 14:17:00,2024-12-19 14:30:00,SHORT,1313.4,1312.3,75000.00000001365,13
